Gr;D0;Dr;Dg;L;Lr;Lg;H0;Hr;Hg;Hu
6;2.5;5.0;3.8;100.8;12.0;13.6;6.6;11.9;14.2;3.3
7;2.8;5.8;4.1;110.0;12.6;15.3;7.2;12.3;16.1;4.2
8;3.4;6.3;4.6;121.6;14.4;17.1;8.4;14.9;18.6;5.1
9;3.5;6.8;4.8;130.9;15.8;19.8;8.9;15.5;20.6;6.5
10;3.3;6.9;5.1;141.0;18.0;20.9;9.8;17.2;23.0;7.1
12;3.4;8.5;5.4;160.0;19.9;24.8;9.8;19.6;25.5;8.1
13;3.3;8.7;5.4;170.0;22.0;26.4;11.3;21.4;28.0;8.4
14;3.7;9.2;5.8;180.0;23.0;28.3;12.3;22.5;29.5;8.4
15;4.2;9.2;6.5;187.0;26.0;30.6;14.5;22.1;33.7;9.2
19;4.5;10.6;7.6;230.0;29.6;35.6;15.4;30.1;39.2;11.4
